EmployeeId	EmployeeName	Department	Age	Salary
1	John Doe	Engineering	30	75000
2	Jane Smith	Marketing	28	65000
3	Michael Johnson	Sales	35	70000
4	Emily Davis	HR	40	60000
5	William Brown	Engineering	45	80000
6	Olivia Wilson	Marketing	32	62000
7	James Jones	Sales	38	71000
8	Ava Garcia	HR	29	59000
9	Benjamin Miller	Engineering	33	77000
10	Charlotte Martinez	Marketing	31	63000
11	Elijah Anderson	Sales	36	72000
12	Sophia Thomas	HR	27	61000
13	Lucas Taylor	Engineering	34	76000
14	Isabella Moore	Marketing	30	64000
15	Mason Jackson	Sales	37	73000
16	Mia Martin	HR	28	62000
17	Ethan Lee	Engineering	39	78000
18	Amelia Perez	Marketing	29	65000
19	Alexander Thompson	Sales	41	74000
20	Harper White	HR	30	63000
21	Henry Harris	Engineering	42	79000
22	Evelyn Clark	Marketing	33	66000
23	Leo Lewis	Sales	35	75000
24	Abigail Robinson	HR	31	64000
25	Daniel Walker	Engineering	44	80000